Year,Company,Country,ICB3 long,R&D (€million),R&D one-year growth (%),R&D intensity (%),Capex (€million),Capex one-year growth (%),Capex intensity (%),R&D-to-capex ratio (%),Net sales (€million),Net sales one-year growth (%),Operating profit (€million),Operating profit one-year growth (%),Profitability (%),Market capitalisation (€million),Market capitalisation one-year growth (%),Employees,Employees one-year growth (%)
2024,SIEMENS AG,Germany,Electronic & Electrical Equipment,6482.0,-0.0308451573103023,8.22474020124094,2088.0,-5.86113615870153,2.64937635609242,310.44061302682,78811.0,1.33986549910633,9608.0,3.94893432868116,12.191191584931,145600.0,34.5158875793801,327000.0,2.1875
2024,SAP SE,Germany,Software & Computer Services,5317.0,-15.3613498885705,15.5577013108614,797.0,1.52866242038217,2.33204588014981,667.126725219573,34176.0,9.5138911141731,7809.0,29.847023611573,22.8493679775281,290172.695849303,69.1976981527466,109121.0,1.41168379769893
2024,TELEFONAKTIEBOLAGET LM ERICSSON AB,Sweden,Technology Hardware & Equipment,4469.41268871629,3.94974527593419,20.6612070356624,204.206300724321,-29.0263876251139,0.944005163788929,2188.67521367522,21631.9050527969,-5.87466916776494,389.737324373855,-122.265430252268,1.8016782314023,24209.3758204602,42.6079477089379,94236.0,-5.71874499759885
2024,NOKIA OYJ,Finland,Technology Hardware & Equipment,4377.0,2.60196905766526,21.5839045317816,472.0,-27.6073619631902,2.3275309433404,927.330508474576,20279.0,-8.89118519184114,1228.0,-9.30576070901034,6.05552542038562,23962.206700933,37.9408278137362,80361.0,-7.29965739597873
2024,ASML HOLDING N.V.,Netherlands,Technology Hardware & Equipment,3942.4,5.83908292840076,13.949028585177,2067.2,-4.10094637223975,7.31418219644835,190.712074303406,28262.9,2.55601719977503,9022.6,-0.217864923747265,31.9238294725594,271198.136016843,-1.31770565957222,44027.0,3.7980950584685
2024,SCHNEIDER ELECTRIC SE,France,Electronic & Electrical Equipment,2260.0,12.1031746031746,5.92351846512725,950.0,3.93873085339168,2.48997457604907,237.894736842105,38153.0,6.26984569104785,6590.0,15.9190853122252,17.2725604801719,138669.667235023,33.1696203623975,167495.0,9.38734726131621
2024,NXP SEMICONDUCTORS N.V,Netherlands,Technology Hardware & Equipment,2259.12022331312,-2.93631100082714,18.6063104487079,699.778611993455,-12.0918984280532,5.7634374504519,322.83356258597,12141.688324189,-4.98644169930757,3341.99634228511,-5.54951033732306,27.5249722530523,50848.264701724,-10.2103493862852,33100.0,-2.23587441297221
2024,INFINEON TECHNOLOGIES AG,Germany,Technology Hardware & Equipment,2222.0,1.46118721461187,14.8579070544968,2432.0,-11.2084702446148,16.2621196924106,91.3651315789474,14955.0,-8.3021644490772,2422.0,-35.7048048845235,16.1952524239385,41045.101734446,-0.047700396861969,58065.0,-0.896057347670251
2024,STMICROELECTRONICS N.V.,Italy,Technology Hardware & Equipment,1761.4784868611,-4.18848167539289,13.8458046455323,2972.37462700934,-30.4347826086956,23.3638495876524,59.2616580310879,12722.109923958,-23.3308196531125,1398.59466743671,-66.9697658558764,10.9934175682833,22121.368260374,-49.1998668120981,49602.0,-3.35327241197903
2024,SPOTIFY TECHNOLOGY S.A.,Sweden,Software & Computer Services,1447.0,-3.27540106951872,9.23243795061571,17.0,183.333333333333,0.108466790021055,8511.76470588235,15673.0,18.3135804333057,1365.0,-406.053811659193,8.70924519874944,85718.402083801,155.684511324317,7691.0,-15.6965910336512
2024,"AMADEUS IT GROUP, S.A.",Spain,Software & Computer Services,1333.2,19.5051989960559,21.707344871941,72.7,18.9852700490998,1.18371135027761,1833.83768913342,6141.7,12.8739983827097,1627.6,15.1142230709385,26.5008059657749,30724.044406186,5.1171390804125,20643.0,10.8111009716034
2024,DASSAULT SYSTEMES,France,Software & Computer Services,1286.2,4.7138321257022,20.6997553753058,193.4,33.1039229181005,3.1125273593408,665.046535677353,6213.6,4.40568605706222,1371.8,14.6894072401973,22.0773786532767,44837.5846605,-24.1555946999513,25000.0,4.99349040359498
2024,UBISOFT ENTERTAINMENT,France,Software & Computer Services,1205.7,-0.091150149154782,63.4846251053075,29.0,5.45454545454545,1.52695871946083,4157.58620689655,1899.2,-17.4583858490156,-30.1,-109.374026782934,-1.58487784330244,1459.108255542,-41.3047326797374,18540.0,-4.76679679474009
2024,AMS-OSRAM AG,Austria,Technology Hardware & Equipment,477.0,-19.0152801358234,13.9148191365228,502.0,-52.1448999046711,14.6441073512252,95.0199203187251,3428.0,-4.5125348189415,-555.0,-62.3728813559322,-16.1901983663944,631.206807833627,1.04746808381018,19665.0,-3.49887133182844
2024,ASM INTERNATIONAL NV,Netherlands,Technology Hardware & Equipment,469.812,14.521255850234,16.0196458991709,167.895,8.94985821171554,5.72488239602499,279.824890556598,2932.724,11.3270883575375,802.629,22.7747686010209,27.3680373604881,27564.792020245,18.6656990243722,4558.0,0.352267723469837
2024,INDRA SISTEMAS S.A.,Spain,Software & Computer Services,402.151,3.01183679010639,8.30400319480835,23.562,2.49695493300853,0.486530987803274,1706.77786266022,4842.857,11.5076379115981,438.565,41.335348580894,9.05591472141341,3017.257172682,21.9999994550296,60907.0,5.45753614405679
2024,LEGRAND,France,Electronic & Electrical Equipment,386.8,6.8213200773267,4.47224502537895,210.3,-5.48314606741573,2.43152308386038,183.927722301474,8648.9,2.75635922964512,1642.7,3.21060567981906,18.993166761091,24661.588971413,-0.739596125607017,34901.0,2.92244175759363
2024,ELASTIC N.V.,Netherlands,Software & Computer Services,352.062758687073,7.39709777253162,24.6584633141329,4.18230821060737,25.9420289855071,0.292928720902638,8417.90563866514,1427.75628068149,17.0418544315137,-52.648955626143,-56.2371484578151,-3.68753101201648,9059.85280192004,70.3830867639137,3537.0,10.9821148415438
2024,TOMTOM N.V.,Netherlands,Electronic & Electrical Equipment,340.157,2.49953293839004,59.2213892496631,5.576,-52.9729273846673,0.970782510593995,6100.37661406026,574.382,-1.77474519460976,-20.29,1.4094362255098,-3.53249231347779,623.74997139,-26.1975172902611,3621.0,-2.05572085474709
2024,WISETECH GLOBAL LIMITED,Austria,Software & Computer Services,335.857381349869,42.2115627366829,54.0750695977729,14.9057953732411,-8.08823529411755,2.39992320245752,2253.2,621.094681612211,27.5342801175318,226.985451943716,26.7732267732271,36.5460305270232,18691.3640424248,31.0987008474299,3494.0,15.4659616655651
2024,SARTORIUS AG,Germany,Electronic & Electrical Equipment,296.6,9.40612320177056,8.77333096695951,409.9,-26.7643380382348,12.1247079007306,72.3591119785314,3380.7,-0.441735135612687,385.0,-24.8340491995314,11.388174046795,8090.784228516,-35.2218218975501,13528.0,-7.43123032708362
2024,COMPUGROUP MEDICAL SE & CO KGAA,Germany,Software & Computer Services,255.062,1.14925207404706,22.102675333431,24.805,30.7384177515417,2.14950428384375,1028.26849425519,1153.987,-2.83548447665709,100.633,-9.72432786414648,8.72046218891547,1172.488431922,-42.3970457244867,8712.0,-5.29405370148929
2024,GN STORE NORD A/S,Denmark,Technology Hardware & Equipment,244.576148462013,5.92334494773516,10.1417848206839,16.0905360830272,29.0322580645159,0.66722268557131,1520.0,2411.5690954437,-0.745033112582544,239.748987637105,122.388059701493,9.94161801501251,2720.01636908248,-21.7592057428522,7347.0,2.54012561060712
2024,NEMETSCHEK SE,Germany,Software & Computer Services,213.892,6.08038406602126,21.4844836851436,13.726,8.27482842943915,1.37871459924766,1558.29812035553,995.565,16.9103166765113,240.957,15.3975460475274,24.203040484549,10816.575176239,19.2993650011195,3894.0,13.5608048993876
2024,OVH GROUPE SA,France,Software & Computer Services,152.0,9.74729241877256,15.306333096018,343.106,-4.10595952453487,34.5506231792261,44.3011780615903,993.053,10.6713592682038,34.609,-388.528553563985,3.48511106657953,1174.399307662,-34.2567935447825,2953.0,2.53472222222222
2024,SINCH AB,Sweden,Software & Computer Services,149.14041364866,32.5833979829324,5.95221510169962,16.668121127498,-9.47867298578214,0.665227082752855,894.764397905758,2505.6287634174,-0.114802574360668,-510.603019460686,-961.708394698086,-20.3782390638061,1527.76623594984,-42.8293920371611,4077.0,-3.63980146537462
2024,AT&S AUSTRIA TECHNOLOGIE & SYSTEMTECHNIK AG,Austria,Electronic & Electrical Equipment,137.114,-11.7931628990132,8.62555091574999,416.057,-51.5531718427417,26.1732633965474,32.955580605542,1589.626,2.57114078846081,224.218,7287.74299835255,14.1050788047,502.718983698,-33.1266184739737,13828.0,0.963785046728972
2024,BARCO NV,Belgium,Electronic & Electrical Equipment,132.734,-1.05700995885263,14.0223327945573,42.566,-21.7651815909425,4.4967726259521,311.831038857304,946.59,-9.86033250899644,66.094,-25.5966318443804,6.98232603344637,973.766397066,-36.6767370069211,3135.0,-6.97329376854599
2024,TIETOEVRY OYJ,Finland,Software & Computer Services,130.7,1.0827532869296,4.66352672518376,85.6,1.78359096313912,3.05430671519303,152.68691588785,2802.6,-1.71143999438873,23.2,-90.5729378301504,0.827802754585028,2019.255407309,-20.8411791599741,22941.0,-5.04159940394884
2024,PRYSMIAN S.P.A.,Italy,Electronic & Electrical Equipment,129.0,5.73770491803279,0.757664748032421,768.0,28.2136894824708,4.51074826735581,16.796875,17026.0,10.8896704441839,1206.0,40.2325581395349,7.08328438858217,18238.132836647,60.1954909023333,33161.0,10.2133741026323
2024,JUST EAT TAKEAWAY.COM N.V,Netherlands,Software & Computer Services,126.0,4.13223140495868,2.47204237786933,47.0,4.44444444444444,0.922111045713165,268.085106382979,5097.0,-1.35475130636733,-1690.0,-16.46070192783,-33.1567588777712,2757.329476648,-9.04621911333389,12777.0,-5.3976010661928
2024,FOCUS ENTERTAINMENT SA,France,Software & Computer Services,121.926,8.59585838343353,31.2630769230769,94.449,14.7618469015796,24.2176923076923,129.091890861735,390.0,108.184312511343,37.802,-315.248832706981,9.69282051282051,160.249373603,170.47076339406,606.0,-1.30293159609121
2024,MELEXIS N.V.,Belgium,Technology Hardware & Equipment,101.646648,3.14125869706589,10.8968448704464,52.992655,-42.8929874776599,5.68098163756553,191.812710648296,932.808067,-3.26557124460071,219.889102,-15.8319800264404,23.5728130768835,2282.6,-38.0821917808219,1941.0,0.517866390471258
2024,QUADIENT SA,France,Technology Hardware & Equipment,97.2,1.03950103950104,8.85326532471081,59.6,14.8362235067437,5.42854540486383,163.087248322148,1097.9,2.55955161139655,137.8,-2.88935870331219,12.5512341743328,628.712946991,-7.03364428677445,4680.0,-0.86846007201864
2024,NEXANS,France,Electronic & Electrical Equipment,89.0,0.0,1.04142288790077,378.0,0.26525198938992,4.42312192838755,23.5449735449735,8546.0,9.70474967907574,601.0,56.5104166666667,7.03252983852095,4559.102062475,31.4826459914647,28498.0,-0.00701754385964912
2024,SOITEC,France,Technology Hardware & Equipment,88.426,31.9003579952267,9.92601456360267,171.984,-2.72288148055973,19.3055853335743,51.41524793004,890.851,-8.90293011450905,133.092,-35.1747853235854,14.9398720998237,1750.596638,-48.8848510748886,2140.0,-8.03609798023206
2024,AIXTRON SE,Germany,Technology Hardware & Equipment,85.919,6.24335353035735,13.5698931863876,94.079,56.3579251774169,14.8586689915171,91.3264384187757,633.159,0.520734934804934,127.317,-14.8216041907795,20.1082192624601,1726.682822763,-60.4840229899342,1207.0,11.1418047882136
2024,SILTRONIC AG,Germany,Electronic & Electrical Equipment,81.6,-4.67289719626168,5.7757644394111,699.9,-41.6166166166166,49.5399207248018,11.6588084012002,1412.8,-6.67195138063152,125.6,-41.8249189439555,8.89014722536806,1410.600013733,-46.6591042043611,4357.0,-2.19977553310887
2024,NVENT ELECTRIC PLC,Ireland,Electronic & Electrical Equipment,81.2397728366542,18.0419580419581,2.32583774250441,71.229184714602,4.2253521126761,2.03924162257496,114.054054054054,3492.92520935605,11.1900968255913,630.089517759168,15.1248680970804,18.0390211640212,10826.7543038205,16.0413115913435,12100.0,7.07964601769912
2024,TEAMVIEWER SE,Germany,Software & Computer Services,79.95,-0.234595323067711,11.90756335062,5.373,-4.17335473515249,0.80024187470771,1487.99553322166,671.422,7.13799029502673,206.393,25.6050730591106,30.7396838352035,1610.579996109,-36.5413730285605,1491.0,2.05338809034908
2024,ELMOS SEMICONDUCTOR SE,Germany,Technology Hardware & Equipment,77.516,2.27194764757106,13.3394137032034,33.168,-69.5745500577907,5.70774644857642,233.707187650748,581.105,1.05945430798956,138.555,-7.46961399759583,23.8433673776684,1210.680027008,-6.81198895920642,1282.0,-3.53649360421369
2024,ZUMTOBEL GROUP AG,Austria,Electronic & Electrical Equipment,77.357,1.27647875153831,7.05016969913492,54.168,6.53135878222904,4.93676838893365,142.809407768424,1097.236,-2.63883404689543,37.339,-15.4556775727386,3.40300536985662,258.017009683,-16.6934605998968,5299.0,-0.953271028037383
2024,BE SEMICONDUCTOR INDUSTRIES NV,Netherlands,Technology Hardware & Equipment,76.746,22.2264691829909,12.633647915216,11.946,81.3572187642326,1.96650715340435,642.440984429935,607.473,4.94262881308498,195.591,-8.3419247207018,32.1974803818441,10735.71368504,-3.04140270377815,1812.0,-3.10160427807487
2024,TKH GROUP NV,Netherlands,Electronic & Electrical Equipment,74.279,2.72299820218503,4.3368647222133,100.714,-43.3430279982673,5.88030255702137,73.7524078082491,1712.735,-7.29605765962376,130.608,-25.13970963323,7.62569807938765,1406.051641402,-15.6455703928538,6492.0,3.44168260038241
2024,DATALOGIC S.P.A.,Italy,Electronic & Electrical Equipment,74.277,2.71597084894832,14.9537658719054,9.609,17.8440029433407,1.93452530747255,772.994068061193,496.711,-7.43658885201176,-0.639,-109.058690104905,-0.128646234933392,299.246027231,-24.2603592869295,2751.0,-5.4639175257732
2024,AXWAY SOFTWARE,France,Software & Computer Services,70.917,17.9983361064892,15.3540545338812,11.932,391.635764318088,2.58336617028739,594.342943345625,461.878,44.8002357544141,87.725,84.4124448181627,18.9931107348694,820.994965747,43.7499950029827,2588.0,76.6552901023891
2024,AGFA GEVAERT NV,Belgium,Electronic & Electrical Equipment,70.0,-10.2564102564103,6.15114235500879,45.0,32.3529411764706,3.95430579964851,155.555555555556,1138.0,-13.3282559025133,-11.0,-56.0,-0.966608084358524,111.935240194,-50.8163281688246,4847.0,-3.56148030242738
2024,VAISALA OYJ,Finland,Electronic & Electrical Equipment,68.6,3.62537764350452,12.150194828197,19.1,37.4100719424461,3.38292596528516,359.162303664921,564.6,4.47816432272392,82.9,24.8493975903614,14.6829613885937,1587.998000064,34.6544098738067,2368.0,2.33362143474503
2024,MYCRONIC AB,Sweden,Technology Hardware & Equipment,66.2361462605812,15.701219512195,10.7552784469321,10.9957238851558,22.330097087379,1.78546124415475,602.380952380951,615.847805218605,23.6768314055378,171.568199668383,57.1542765787371,27.8588635397478,3412.86283020577,38.970582238389,2158.0,5.52567237163814
2024,LECTRA,France,Software & Computer Services,64.273,20.0332424457476,12.2035642541686,2.534,-21.7659771534424,0.481132541192464,2536.42462509866,526.674,10.2799746219997,48.798,0.718266253869967,9.26531402727304,983.65709,-16.7996107503365,2951.0,16.1811023622047
2024,CD PROJEKT S.A.,Poland,Software & Computer Services,57.4336842105263,-7.62536823214716,24.9260428616387,22.9059649122807,71.2329725287217,9.94111854461285,250.736803406758,230.416374269006,-19.9292147042875,85.4514619883041,-21.6423352967171,37.0856725175883,4527.9910230278,67.0356338856945,615.0,-2.8436018957346
2024,CEGEDIM,France,Software & Computer Services,56.5,1.61870503597122,8.63259668508287,31.309,42.6248177842565,4.78368087811079,180.45929285509,654.496,6.25021306991128,11.087,-44.5178401641395,1.69397521146042,179.73872625,-28.1014950323766,6659.0,1.16985718626557
2024,NEDERLANDSCHE APPARATENFABRIEK 'NEDAP' N.V.,Netherlands,Electronic & Electrical Equipment,53.227,10.2259313715339,21.1549009165123,10.897,1.94592571802788,4.33097779862165,488.455538221529,251.606,-4.12306707414661,23.979,-10.1842834669264,9.53037685905742,368.06,-14.0625,1041.0,2.76406712734452
2024,TECHNOPROBE SPA,Italy,Electronic & Electrical Equipment,52.58,10.6109054190508,9.6805135937756,85.03,35.3248241397969,15.6548891380513,61.8369987063389,543.153,32.7113376368887,67.11,-15.9464943262944,12.3556346001955,3752.98362339,-27.7667464835499,2876.0,4.73415877640204
2024,PARADOX INTERACTIVE AB,Sweden,Software & Computer Services,52.5796317305175,-10.8772345036203,27.3750842252616,0.101317741513221,-61.9344262295082,0.052750116654543,51895.7795004307,192.071123134654,-16.6974312546767,60.374814556244,-0.478593478930021,31.4335718825976,1893.20740871346,-8.87278364988322,587.0,-9.55315870570108
2024,KONTRON AG,Austria,Technology Hardware & Equipment,51.485,59.1105754372953,3.05581423783298,71.223,53.8759020006049,4.22733334876524,72.2870421071845,1684.821,36.8286966351995,114.159,32.0902516632919,6.77573463293727,1288.755,-9.38661902788387,7069.0,46.1140967341877
2024,TOBII AB,Sweden,Technology Hardware & Equipment,51.4006457806091,65.4494382022469,68.7281213535589,0.174535299764377,-83.3333333333333,0.233372228704784,29450.0,74.7883759490357,13.0606860158312,-9.68670913692294,-36.5714285714285,-12.9521586931155,43.585017965747,-20.1238374936159,666.0,24.0223463687151
2024,SES-IMAGOTAG,France,Electronic & Electrical Equipment,49.847,-4.94288601994698,5.22117757471394,157.986,80.5162307613204,16.5480963813019,31.5515298823946,954.708,19.0471321440774,23.295,-54.7432634585122,2.44001307205973,2855.942462553,31.7811539661032,949.0,12.0425029515939
2024,NEXUS AG,Germany,Software & Computer Services,47.119,15.5869005274132,18.0212879068931,10.388,9.84455958549222,3.97302868857161,453.590681555641,261.463,8.28463631506799,35.213,14.5398952607098,13.4676799394178,1186.771493782,16.440672793649,1774.0,4.97041420118343
2024,X-FAB SILICON FOUNDRIES SE,Germany,Technology Hardware & Equipment,46.2672056983348,5.9818318119682,5.88780021142038,489.615939936471,42.6837888784166,62.3067849281526,9.44969350963902,785.814804119742,-9.96960694143936,79.4985080373472,-46.2308678866951,10.1166976774382,657.177899197,-53.2996423954272,4696.0,2.33166267160601
2024,PSI SOFTWARE SE,Germany,Software & Computer Services,45.6,4.82758620689656,17.4821153359557,2.969,-2.62381108560184,1.13825439544852,1535.87066352307,260.838,-3.35431711320496,-19.819,-5155.86734693877,-7.59820271586195,326.505200824,-19.0661532311268,2434.0,5.36796536796537
2024,NKT A/S,Denmark,Electronic & Electrical Equipment,43.0,14.0583554376658,1.3109756097561,463.0,126.40586797066,14.1158536585366,9.28725701943845,3280.0,23.5265318419764,230.0,33.954571927781,7.01219512195122,3724.54856483954,11.4119226762896,5409.0,20.9255533199195
2024,ACTIA GROUP,France,Electronic & Electrical Equipment,42.004,1.67751930478565,7.84939565409139,20.418,-6.13276940051489,3.81556424305395,205.720442746596,535.124,-7.62926317315758,31.733,112.43138304994,5.93002743289406,55.073838532,-31.1557789840666,3994.0,-2.39491691104594
2024,EVS BROADCAST EQUIPMENT SA,Belgium,Electronic & Electrical Equipment,40.72,14.8660084626234,20.5662797862561,5.818,93.0965814802522,2.93847288301666,699.896871777243,197.994,14.3211829714015,44.703,8.65538865393029,22.5779569077851,443.421403731,7.27903068891207,705.0,13.3440514469453
2024,SEQUANS COMMUNICATIONS S.A.,France,Electronic & Electrical Equipment,40.2406391375493,-8.74044968347525,113.50764301811,3.19183752045433,-39.2340113615539,9.00328527599035,1260.73582629674,35.4519203003176,9.56389814374111,66.9294446048705,-333.035055968898,188.789335071,83.9591444504223,-49.0637262672721,145.0,-56.0606060606061
2024,SUESS MICROTEC SE,Germany,Technology Hardware & Equipment,40.057,27.940847679581,8.95176501086092,9.807,-10.9183395403761,2.19162591960239,408.453145712246,447.476,36.7570788954937,75.42,-973.725671918443,16.8545352152965,934.749837368,76.8535341791027,1352.0,5.46021840873635
2024,PARROT,France,Technology Hardware & Equipment,39.674,-12.7928957664747,50.828913316422,2.249,190.568475452196,2.88133856048377,1764.07292129835,78.054,20.1181883935304,-7.041,-76.5557886325042,-9.02067799215927,87.197678925,18.286321919733,395.0,-2.22772277227723
2024,FAGERHULT GROUP AB,Sweden,Electronic & Electrical Equipment,37.4552753294354,13.635160180037,5.1677844268118,15.5685487389825,-5.00532481363108,2.14802595932718,240.582959641255,724.784012566541,-2.98000093453586,64.67405532769,-17.7652019529516,8.92321770435746,836.562296993582,-18.0300075557061,4007.0,-1.78921568627451
2024,EPENDION AB,Sweden,Electronic & Electrical Equipment,35.183698403002,13.4724825641285,17.8541931912538,3.48477179509556,50.4483460176326,1.76836977580958,1009.64139036362,197.061261890217,-8.60187635060798,21.5297146347849,-24.5376686140763,10.9253916412953,246.161761991653,-22.4001462782368,861.0,-0.920598388952819
2024,WITHSECURE OYJ,Finland,Software & Computer Services,35.161,-19.6209765910753,23.8610992351907,5.929,14.9253731343284,4.02356182604152,593.034238488784,147.357,3.18250567179228,-41.29,-9.85897044055364,-28.0203858656189,133.306750545,-26.930500064591,731.0,-32.7506899724011
2024,INDUTRADE AB,Sweden,Electronic & Electrical Equipment,33.0744393053495,3.2697547683925,1.16457718780728,42.3248101928615,-6.55105973025046,1.49029006882989,78.1443298969072,2840.03839776595,2.22710852834922,352.47403787416,-2.76841598459325,12.410889872173,8806.86252043321,5.80634806156265,9563.0,2.8169014084507
2024,HMS NETWORKS AB,Sweden,Technology Hardware & Equipment,29.6870582075225,3.66217097444606,11.1201113501732,3.43633824941094,3.40327197289967,1.2871758361233,863.915483657975,266.967274631294,1.13921288582066,47.7701370102103,-28.4196293603511,17.8936302496945,1904.91348494326,-6.26640132611344,1139.0,31.5242494226328
2024,QT GROUP OYJ,Finland,Software & Computer Services,29.487,31.679542714241,14.1043608864314,1.255,55.5142503097893,0.600297517973051,2349.56175298805,209.063,15.6686566008089,63.169,33.4114764831359,30.2152939544539,1711.598101471,4.1860417802153,834.0,13.9344262295082
2024,SMART EYE AB,Sweden,Software & Computer Services,28.7627192599703,3.25628606695505,98.3712830063663,0.172440876167205,-75.2008032128514,0.589764482210066,16679.7570850202,29.2389388253774,10.8578480840941,-21.8452744567589,-11.5152950491687,-74.7129524338233,197.909834102423,-27.4304714857183,289.0,2.4822695035461
2024,BASLER AG,Germany,Electronic & Electrical Equipment,27.997,-11.6618811724987,15.2393653212857,1.401,-27.1071800208117,0.76259423563672,1998.35831548894,183.715,-9.54589543236683,-10.575,-54.3492337578243,-5.75619845957053,187.424993992,-47.2517734918796,940.0,-15.695067264574
2024,FABASOFT AG,Austria,Software & Computer Services,26.653,6.63332666533306,30.6903103229892,16.495,23.7248724872487,18.9936093039323,161.582297665959,86.845,7.28227300802964,12.425,-3.8312693498452,14.3070988542806,165.0,-18.3168347681231,498.0,3.3195020746888
2024,MENSCH UND MASCHINE SOFTWARE SE,Germany,Software & Computer Services,26.005,4.40420748353942,7.98081290433459,10.3,60.2364654635968,3.16102183867127,252.47572815534,325.844,1.09771459420551,45.767,-2.27199931669193,14.0456783000454,907.184876967,-2.75735286383592,1095.0,3.69318181818182
2024,INIT INNOVATION IN TRAFFIC SYSTEMS SE,Germany,Electronic & Electrical Equipment,25.172,26.0869565217391,9.47476983069476,6.628,62.133072407045,2.49478684402689,379.78273989137,265.674,26.0307114292627,23.198,18.4296508066163,8.73175395409412,357.42398468,21.0884317551857,1361.0,19.3859649122807
2024,SNP SCHNEIDER-NEUREITHER & PARTNER SE,Germany,Software & Computer Services,25.038,8.43185656749382,9.82764914374085,1.438,68.9776733254994,0.564428447507762,1741.16828929068,254.771,25.2401364623991,27.77,91.0166460310909,10.8999846921353,450.53258,45.5847202351198,1442.0,9.65779467680608
2024,ATOS SE,France,Software & Computer Services,25.0,-40.4761904761905,0.261042079983293,444.0,116.585365853659,4.63610734050329,5.63063063063063,9577.0,-10.4367343121668,-2659.0,-14.3915003219575,-27.7644356270231,465.493547072,-40.7503030334936,87128.0,-8.42127391212949
2024,ATOSS SOFTWARE SE,Germany,Software & Computer Services,24.473214,8.59138333377113,14.3432380282643,0.925008,-50.577305508686,0.542127810513516,2645.72998287582,170.625447,12.8493046377996,63.620023,22.7428723546552,37.2863626842249,1797.408736,7.87589498806683,808.0,8.16599732262383
2024,KAPSCH TRAFFICCOM AG,Austria,Electronic & Electrical Equipment,24.349,8.48779183746213,4.59141748198206,6.162347,7.34717085059567,1.1620151852577,395.125428671901,530.315531,-1.58238876906778,4.669747,-93.1405725884545,0.880560105640202,102.387997818,-15.764707677499,3548.0,-12.1782178217822
2024,ASSECO POLAND S.A.,Poland,Software & Computer Services,24.3040935672515,-9.88725065047678,0.606467429371936,83.953216374269,4.91084478222742,2.09491010973617,28.9495681248259,4007.48538011696,1.39377977687699,420.421052631579,11.095314624799,10.4908942330142,1874.00274684035,32.0411495027382,33752.0,2.08698808299558
2024,ALFEN N.V.,Netherlands,Electronic & Electrical Equipment,23.054,8.5456000753331,4.727638866958,13.795,-42.5016672224075,2.82891377503625,167.118521203335,487.643,-3.33692120750797,-30.496,-172.854105449246,-6.25375530869919,261.652494192,-80.0431320892884,1043.0,10.7218683651805
2024,UNIFIEDPOST GROUP SA/NV,Belgium,Software & Computer Services,22.935,-9.20786983888207,25.9425158641284,0.247,-66.5764546684709,0.279389641091769,9285.42510121457,88.407,-53.8067246649424,-21.063,-67.849129180468,-23.8250364790118,117.707346013,27.3526338672773,833.0,-38.112927191679
2024,R. STAHL AKTIENGESELLSCHAFT,Germany,Electronic & Electrical Equipment,22.66,-3.60318203088442,6.58437648918489,7.614,11.1208406304728,2.21242023780467,297.609666403993,344.148,4.10934040004356,16.409,-20.2362434376823,4.76800678777735,104.328004913,-19.8019794501635,1852.0,3.00333704115684
2024,ATEME,France,Software & Computer Services,21.503,-4.40561927625144,22.9981069316249,1.746,-15.5705996131528,1.86739965133317,1231.5578465063,93.499,-6.5309101087652,-3.93,63.477537437604,-4.20325351073274,62.502576017,-22.3420043107878,548.0,-5.19031141868512
2024,EKINOPS,France,Technology Hardware & Equipment,21.345,19.9831365935919,18.1398669148204,2.802,-38.3226942548976,2.38125589577544,761.777301927195,117.669,-8.85225837935817,5.363,47.578425976885,4.55769998895206,100.417863052,-35.6945279033557,520.0,-5.62613430127042
2024,EL.EN. S.P.A.,Italy,Electronic & Electrical Equipment,21.308,3.5172949863972,3.29906102109116,8.052595,-36.0562806086497,1.24676188676242,264.610352314999,645.880748,-6.70369530521847,65.958147,-9.20470336153288,10.2121246382157,935.823816451,20.0294871585165,2081.0,-0.620821394460363
2024,SOPRA STERIA GROUP SA,France,Software & Computer Services,20.708,-83.0262295081967,0.345133333333333,74.8,-25.6461232604374,1.24666666666667,27.6844919786096,6000.0,3.35383184331559,463.9,55.6711409395973,7.73166666666667,3513.656871,-13.5490407675887,50988.0,-8.67766374724625
2024,LPKF LASER & ELECTRONICS SE,Germany,Electronic & Electrical Equipment,20.159,4.11631029852288,16.4041012287412,2.786,57.4011299435028,2.26706810969159,723.582196697775,122.89,-1.16377265013633,-4.047,-236.079354404842,-3.29318903084059,218.267892042,-10.2267035143961,769.0,1.85430463576159
2024,ADDNODE GROUP AB,Sweden,Software & Computer Services,19.8097565232568,11.822660098522,2.92638906793863,0.872676498821887,-61.5384615384616,0.128915817970865,2270.0,676.935160136138,4.65461413923382,52.1860546295488,45.8536585365851,7.70916591465772,1182.84365791066,21.6886007405278,2698.0,1.65787490580256
2024,LINEDATA SERVICES,France,Software & Computer Services,19.447,-5.90313059466784,10.5851871608271,1.867,-18.32895888014,1.01622586667683,1041.61756829138,183.719,0.234055322167059,39.891,7.2281060158056,21.713050909269,424.64507163,53.9568360132383,1297.0,4.93527508090615
2024,KEMPOWER OYJ,Finland,Electronic & Electrical Equipment,19.4118,46.3076018631574,8.67771255071588,18.7588,94.7044475582542,8.38580009047945,103.481032901891,223.6972,-21.1262619691602,-30.4878,-177.210827182634,-13.6290485531334,537.65548255,-69.5788799559857,840.0,47.6274165202109
2024,VERIMATRIX,France,Technology Hardware & Equipment,18.9941284050438,-5.64693506741876,34.495236430382,0.0962556550197324,-68.944099378882,0.174809894240014,19733.0,55.0630474540379,-7.18596878346375,-3.73760708441621,-53.3012627781118,-6.78786819333975,24.206445948,-41.5408004399888,253.0,2.84552845528455
2024,SOFTING AG,Germany,Software & Computer Services,18.819,-0.0371826197811614,19.797803400101,0.816,-34.4578313253012,0.858441339841778,2306.25,95.056,-15.5770682534748,-0.768,-76.3255240443896,-0.80794479043932,30.373195292,-37.0614875066048,429.0,-0.694444444444444
2024,ENEA AB,Sweden,Software & Computer Services,18.3655641853565,-8.37527428511735,23.2730525982866,0.601535910637927,-5.54946560701556,0.76227317313764,3053.11185260409,78.9134304913169,-0.921354519337568,10.227419495593,-123.177938279711,12.9603027417727,183.364496495727,71.7456195709612,464.0,-4.91803278688525
2024,TELESTE OYJ,Finland,Technology Hardware & Equipment,18.061,-23.3696805125377,13.6284748422927,0.314,-83.2622601279318,0.236938214964837,5751.91082802548,132.524,-12.4381396639555,-5.894,388.318144159072,-4.44749630255652,50.121954312,-2.2222200624727,673.0,-16.1892901618929
2024,INVISIO AB,Sweden,Technology Hardware & Equipment,17.2091805567676,26.1676263595648,10.9149277688604,1.00357797364517,-45.2380952380952,0.6365196214092,1714.78260869565,157.66646304215,45.8780783205484,35.1077755476045,65.6237134623304,22.2671168428627,1096.09425572937,42.5422311239818,265.0,22.6851851851852
2024,ATARI SA,France,Software & Computer Services,15.5,-31.7180616740088,46.1309523809524,0.0,,0.0,,33.6,63.1067961165048,-3.9,-69.53125,-11.6071428571429,58.08187582,0.381776991246569,21.0,-27.5862068965517
2024,BITTIUM OYJ,Finland,Electronic & Electrical Equipment,13.545,-33.0416728459143,15.9046075806679,0.72,118.844984802432,0.845427645484007,1881.25,85.164,13.1792629606496,4.94,-167.726898820949,5.80057301207083,227.066403807,32.2245365734748,511.0,-2.85171102661597
2024,TECNOTREE OYJ,Finland,Technology Hardware & Equipment,12.989,-55.8407561025362,18.1512017887088,10.989,-7.28147148160648,15.3563443264394,118.200018200018,71.56,-8.70702302736493,23.813,-0.134200041937513,33.2769703745109,44.500454704,-58.90456179842,842.0,-3.10701956271577
2024,REVENIO GROUP OYJ,Finland,Software & Computer Services,12.862,-1.06153846153846,12.4250123168175,1.156,77.0290964777948,1.11672478916506,1112.62975778547,103.517,7.1870858184228,24.747,-6.05853547431955,23.9062183023078,709.184061244,-2.13549310378189,229.0,7.00934579439252
2024,CELLAVISION AB,Sweden,Electronic & Electrical Equipment,12.5056287634174,11.4878322026514,19.8145231652464,1.04668819268697,-62.2462148635462,1.65842340542327,1194.78072369518,63.1134479448468,6.78067952965632,15.5056287634174,6.36212893068584,24.5678682884943,452.721033149767,2.59471233615794,236.0,3.50877192982456
2024,PARAGON GMBH & CO. KGAA,Germany,Electronic & Electrical Equipment,12.5,-2.34375000000001,9.20851013672796,2.864,66.8025626092021,2.10985384252711,436.45251396648,135.744,-17.5930647628761,1.268,-125.304330472959,0.934111268269684,8.283066974,-50.5405400200497,685.0,-7.43243243243243
2024,GROUPE SFPI,France,Software & Computer Services,11.7,-8.59375000000001,1.7572739124427,14.7,-43.4571890145396,2.20785696691519,79.5918367346939,665.804,-3.3431905846555,18.541,109.384528514963,2.78475347099146,200.026244042,3.07061910676442,4011.0,-1.40117994100295
2024,CHERRY SE,Germany,Technology Hardware & Equipment,11.483,31.6254011921137,10.3967477908156,3.226,4.57050243111832,2.92083152252644,355.951642901426,110.448,-12.6624018472098,-44.115,-66.3662770750898,-39.9418730986528,29.111398888,-60.7213123615463,428.0,-12.4744376278119
2024,NET INSIGHT AB,Sweden,Technology Hardware & Equipment,11.0245222096169,-7.60758271655479,20.7775846160678,0.425953399074963,87.9476318829419,0.80278152862366,2588.19913952059,53.0596910725194,8.69606412951759,6.95418448381185,4.72172941717584,13.1063418260525,228.183037758572,40.7941453581075,154.0,5.47945205479452
2024,ALZCHEM GROUP AG,Germany,Software & Computer Services,10.831,-5.09944799789714,1.9542392973327,43.101,109.665807267597,7.77672125882529,25.1293473469293,554.231,2.51216593390536,76.31,30.8291043752572,13.768627160877,571.910034764,119.531249708959,1725.0,2.13143872113677
2024,FINGERPRINT CARDS AB,Sweden,Electronic & Electrical Equipment,10.3761235709922,-26.1490683229817,29.4890873015872,0.0,-100.0,0.0,,35.1863164324985,-42.8409413098951,-44.5414084998691,54.1993957703925,-126.587301587301,11.1799800106779,-86.9534061661706,107.0,-46.5
2024,CENIT AG,Germany,Software & Computer Services,10.081,1.67423096318709,4.86222646660204,1.523,10.2026049204052,0.734567097374755,661.917268548917,207.333,12.2417713295799,6.897,-11.9157088122605,3.32653267931299,60.247856004,-39.7489546093223,959.0,7.27069351230425
2024,SFC ENERGY AG,Germany,Electronic & Electrical Equipment,9.457777,,6.53369200726314,5.915421,,4.08653522992734,159.883413200852,144.753946,,13.183465,,9.10749956343159,298.655498447,,462.0,
2024,SIDETRADE,France,Software & Computer Services,9.225,,16.7797839345892,0.36,,0.654820836471774,2562.5,54.97687,,5.806977,,10.5625820458677,325.244416,,405.0,
2024,ADS-TEC ENERGY PLC,Ireland,Electronic & Electrical Equipment,8.997,9.24319852720206,8.17812440347959,0.958,-58.2934262080975,0.870806177451756,939.144050104384,110.013,2.44822319898682,-8.495,-80.4550892692803,-7.721814694627,768.793429365823,142.712539697779,302.0,26.3598326359833
2024,RTX A/S,Denmark,Technology Hardware & Equipment,8.77966692590308,,13.1390215515511,0.182493496741666,,0.273106714291447,4810.94783247613,66.821314596798,,-4.57266217919494,,-6.84311915559658,93.8097584957881,,291.0,
2024,Q-LINEA AB,Sweden,Electronic & Electrical Equipment,8.73505541495768,-21.8569465696529,4237.72226926333,0.435552840562004,-40.1630499940055,211.303979678239,2005.50991785213,0.20612618902173,-46.8018018018018,-18.6546819094162,-7.34595513020545,-9050.12701100762,7.055161041968,-81.3512838432793,94.0,-25.9842519685039
2024,SSH COMMUNICATIONS SECURITY OYJ,Finland,Software & Computer Services,8.038735,2.07312150504853,36.2915855733596,1.51611,-43.1627201488159,6.8446137114392,530.221092137114,22.15041,8.99747942458466,-0.262,-85.8137058011656,-1.18282234956373,42.606750677,-20.8350462878091,145.0,-3.33333333333333
2024,CAPGEMINI,France,Software & Computer Services,8.0,-38.4615384615385,0.0362056480811006,315.0,21.6216216216216,1.42559739319334,2.53968253968254,22096.0,-1.89148388242607,2480.0,1.18319053447572,11.2237509051412,27098.601492828,-16.823869321324,341118.0,0.198271076215402
2024,LS TELCOM AG,Germany,Technology Hardware & Equipment,7.57,-18.5496018936949,20.5165731631298,6.064,-3.17739102666454,16.4349405100686,124.835092348285,36.897,-11.5349573223362,-1.96,-204.421949920085,-5.31208499335989,18.381720499,-15.508019310313,288.0,0.699300699300699
2024,INTERSHOP COMMUNICATIONS AG,Germany,Software & Computer Services,7.562,1.85883620689655,19.5098039215686,0.053,-64.4295302013423,0.136738906088751,14267.9245283019,38.76,2.03490667860056,-0.03,-98.8814317673378,-0.0773993808049536,25.227363708,-13.7230385514925,274.0,-8.36120401337793
2024,INTRALOT S.A,Greece,Technology Hardware & Equipment,7.351,-28.5339296130663,1.95316755366495,20.142,80.1448886503891,5.35174817928436,36.4958792572734,376.363,3.15752255079582,53.738,-782.560650323892,14.2782367023326,633.092197557,2502.20488863118,1676.0,-51.3780098636496
2024,DR. HOENLE AG,Germany,Electronic & Electrical Equipment,7.286,-3.35588274306937,7.37979722270052,2.094,-28.6298568507158,2.12095736814918,347.946513849093,98.729,-7.15897763818623,-9.983,8.58168370676528,-10.1115173859758,70.329990313,-34.2776168145679,590.0,-0.673400673400673
2024,ASETEK AS,Denmark,Technology Hardware & Equipment,7.25671383193763,-9.86373481135992,14.3594529732201,7.53007989219367,-5.99619515981785,14.9003847472477,96.3696791512208,50.5361439984599,-34.2105208187026,-18.5272884781981,-872.391330882237,-36.6614605157899,73.3967019273547,-63.1283953609804,129.0,-14.5695364238411
2024,PRICER AB,Sweden,Software & Computer Services,7.06867964045728,-17.7080158488266,3.16653635652853,3.62160747011083,-3.51529805635638,1.62236121970289,195.180722891566,223.230648398639,-4.59328505310953,14.8878610699014,1641.8827853788,6.66927286942924,165.038042125053,56.3792309832411,200.0,-2.9126213592233
2024,IVU TRAFFIC TECHNOLOGIES AG,Germany,Technology Hardware & Equipment,6.785,,5.07589529516499,1.593,,1.19173193886482,425.925925925926,133.671,,16.817,,12.5808888988636,259.585687241,,1069.0,
2024,GROWENS S.P.A.,Italy,Software & Computer Services,6.59663,-21.0720115609606,8.8592576484581,0.041774,-47.7825,0.056102377881841,15791.2337817781,74.460302,-27.9588401478357,-4.049495,210.306130268199,-5.43846169197649,79.737514098,24.1518681348207,151.0,-64.5539906103286
2024,DATA MODUL AKTIENGESELLSCHAFT PRODUKTION UND VERTRIEB VON ELEKTRONISCHEN SYSTEMEN,Germany,Electronic & Electrical Equipment,6.527,-12.55359056806,2.88539751025605,3.126,-63.8194444444444,1.38191399066346,208.797184900832,226.208,-20.1341642099317,8.677,-61.0827054180122,3.83585019097468,93.796442545,-39.2694044640989,531.0,1.14285714285714
2024,SENSYS GATSO GROUP AB,Sweden,Electronic & Electrical Equipment,6.26381010559386,,11.3718208506883,5.36722227070425,,9.74408372849079,116.704876184902,55.0818570555895,,2.02539488611572,,3.67706354575456,65.908123980715,,308.0,
2024,ACCONEER AB,Sweden,Technology Hardware & Equipment,5.86735317217907,,131.009353078722,0.447944846845274,,10.001948558067,1309.83830118839,4.47857579195392,,-2.69901387555633,,-60.2650038971161,26.0358028887074,,56.0,
